Domain,Status,Attractiveness,Demand,Length,Sectors,Created,Expires,Registrar
one.sucks,available,132,44%,3,"Business,General,Media,Technology",,,
brief.sucks,available,124,19%,5,"Business,Education,General,Law",,,
complete.sucks,available,120,21%,8,"Manufacturing,Retail,Technology",,,
wizard.sucks,available,118,42%,6,"Entertainment,Media,Technology",,,
tenth.sucks,available,116,7%,5,Mathematics,,,
flat.sucks,available,116,24%,4,"Construction,Real Estate",,,
equal.sucks,available,116,19%,5,"Education,General,Law",,,
tonic.sucks,available,114,22%,5,"Health and Fitness,Medicine,Science",,,
acute.sucks,available,112,9%,5,"Mathematics,Medicine,Science",,,
above.sucks,available,112,22%,5,Business,,,
hotshot.sucks,available,112,14%,7,"Business,Entertainment,Sports",,,
zero.sucks,available,112,49%,4,Mathematics,,,
abstract.sucks,available,108,29%,8,"Arts,Humanities,Science",,,
abiding.sucks,available,106,5%,7,"General,Religion",,,
expert.sucks,available,104,26%,6,"Business,Education,Technology",,,
teen.sucks,available,104,14%,4,"Education,Entertainment,Healthcare",,,
active.sucks,available,104,27%,6,"Health and Fitness,Sports,Travel",,,
absent.sucks,available,102,8%,6,"Business,Education,Technology",,,
eight.sucks,available,102,23%,5,"General,Mathematics",,,
captive.sucks,available,102,14%,7,"Entertainment,Hospitality,Technology",,,
extra.sucks,available,102,26%,5,"Fashion,Retail,Technology",,,
sixth.sucks,available,100,8%,5,Mathematics,,,
remove.sucks,available,100,13%,6,"Construction,Manufacturing,Technology",,,
eighth.sucks,available,100,6%,6,Mathematics,,,
adjunct.sucks,available,100,5%,7,Education,,,
ninth.sucks,available,100,9%,5,Mathematics,,,
third.sucks,available,100,16%,5,Mathematics,,,
abrupt.sucks,available,100,3%,6,"Medicine,Science",,,
whiz.sucks,available,100,12%,4,"Business,Education,Technology",,,
crack.sucks,available,100,20%,5,Sports,,,
whizz.sucks,available,98,11%,5,"Business,Education,Technology",,,
genius.sucks,available,98,46%,6,"Arts,Education,Technology",,,
alamode.sucks,available,96,12%,9,Fashion,,,
doable.sucks,available,96,9%,6,"Business,Education,Technology",,,
forgiving.sucks,available,96,3%,9,"Healthcare,Religion",,,
academic.sucks,available,96,20%,8,"Education,Humanities,Science",,,
actual.sucks,available,96,22%,6,"Real Estate,Retail,Technology",,,
adequate.sucks,available,94,9%,8,"Education,Healthcare,Technology",,,
around.sucks,available,94,22%,6,"Business,General,Media,Technology",,,
virtuoso.sucks,available,94,16%,8,"Arts,Entertainment",,,
abject.sucks,available,94,7%,6,Humanities,,,
exemplary.sucks,available,92,5%,9,"Business,Education,Healthcare",,,
adept.sucks,available,92,24%,5,"Education,Health and Fitness,Sports",,,
nought.sucks,available,92,4%,6,Mathematics,,,
derelict.sucks,available,92,7%,8,"Construction,Real Estate",,,
neutral.sucks,available,92,20%,7,"Business,Media,Politics",,,
next.sucks,available,92,43%,4,"Retail,Technology,Transportation",,,
twentieth.sucks,available,92,3%,9,Mathematics,,,
adjective.sucks,available,92,5%,9,Education,,,
abroad.sucks,available,92,12%,6,"Hospitality,Travel",,,
riveting.sucks,available,90,6%,8,"Entertainment,Media,Technology",,,
leash.sucks,available,90,7%,5,"General,Health and Fitness,Retail",,,
abortive.sucks,available,90,1%,8,"Medicine,Science",,,
endearing.sucks,available,90,1%,9,"Entertainment,Fashion,Retail",,,
gripping.sucks,available,90,3%,8,"Entertainment,Media,Technology",,,
clear.sucks,available,90,47%,5,"Manufacturing,Retail,Technology",,,
adoring.sucks,available,90,2%,7,"Entertainment,Fashion,Retail",,,
additional.sucks,available,90,8%,10,"Fashion,Retail,Technology",,,
addictive.sucks,available,90,9%,9,Healthcare,,,
sixteen.sucks,available,88,11%,7,Mathematics,,,
actionable.sucks,available,88,13%,10,"Business,Law",,,
wide.sucks,available,88,18%,4,"Business,Media,Technology",,,
hundred.sucks,available,88,14%,7,Mathematics,,,
three.sucks,available,88,24%,5,Mathematics,,,
ten.sucks,available,88,28%,3,"General,Mathematics",,,
twelve.sucks,available,88,18%,6,"General,Mathematics",,,
activist.sucks,available,88,12%,8,"Humanities,Politics",,,
fifteen.sucks,available,88,13%,7,Mathematics,,,
eleven.sucks,available,88,33%,6,Mathematics,,,
adlib.sucks,available,88,7%,6,Entertainment,,,
proficient.sucks,available,88,8%,10,"Education,Health and Fitness,Sports",,,
cipher.sucks,available,86,29%,6,Mathematics,,,
star.sucks,available,86,40%,4,"Entertainment,Media,Sports",,,
attendant.sucks,available,86,5%,9,"Healthcare,Hospitality,Transportation",,,
recondite.sucks,available,86,4%,9,"Arts,Humanities,Science",,,
xiv.sucks,available,86,12%,3,Mathematics,,,
extempore.sucks,available,86,3%,9,Entertainment,,,
aboriginal.sucks,available,86,10%,10,Humanities,,,
xix.sucks,available,86,11%,3,Mathematics,,,
engrossing.sucks,available,86,0%,10,"Entertainment,Media,Technology",,,
intent.sucks,available,86,25%,6,"Business,Education,Technology",,,
adolescent.sucks,available,86,3%,10,"Education,Entertainment,Healthcare",,,
sharp.sucks,available,84,34%,5,"Arts,Fashion",,,
accessory.sucks,available,84,8%,9,"Fashion,Retail,Technology",,,
twentytwo.sucks,available,84,11%,10,Mathematics,,,
fourteen.sucks,available,84,8%,8,Mathematics,,,
thousand.sucks,available,84,8%,8,Mathematics,,,
seventeen.sucks,available,84,7%,9,Mathematics,,,
deviate.sucks,available,84,12%,7,"Medicine,Science",,,
thirteen.sucks,available,84,10%,8,Mathematics,,,
adjustable.sucks,available,84,3%,10,"Manufacturing,Retail,Technology",,,
twentyone.sucks,available,84,13%,10,Mathematics,,,
grand.sucks,available,84,25%,5,"Finance,General",,,
acting.sucks,available,84,12%,6,Entertainment,,,
nineteen.sucks,available,84,8%,8,Mathematics,,,
fivesome.sucks,available,82,1%,8,Sports,,,
abkhaz.sucks,available,82,1%,6,Geography,,,
dozen.sucks,available,82,10%,5,Mathematics,,,
absorbent.sucks,available,82,3%,9,"Healthcare,Manufacturing,Retail",,,
altered.sucks,available,82,9%,7,"Medicine,Science",,,
impromptu.sucks,available,82,16%,9,Entertainment,,,
abenaki.sucks,available,82,2%,7,Geography,,,
cleansing.sucks,available,82,3%,9,Health and Fitness,,,
good.sucks,available,82,47%,4,"Food and Beverage,General,Health and Fitness,Retail",,,
enduring.sucks,available,82,9%,8,"Health and Fitness,Religion",,,
abroach.sucks,available,82,1%,7,Food and Beverage,,,
abdominal.sucks,available,82,1%,9,"Health and Fitness,Medicine",,,
decade.sucks,available,82,10%,6,Mathematics,,,
wiz.sucks,available,80,30%,3,"Business,Education,Technology",,,
some.sucks,available,80,32%,4,"Business,Media,Retail",,,
able.sucks,available,80,29%,4,"Business,Education,General,Technology",,,
worshipful.sucks,available,80,1%,10,"Education,Healthcare,Religion",,,
absorbable.sucks,available,80,0%,10,"Healthcare,Pharmaceuticals,Science",,,
capable.sucks,available,80,12%,7,"Business,Education,Technology",,,
two.sucks,available,80,24%,3,Mathematics,,,
absolute.sucks,available,80,25%,8,"Engineering,Mathematics,Science",,,
twenty.sucks,available,80,12%,6,Mathematics,,,
nine.sucks,available,80,24%,4,"General,Mathematics",,,
trio.sucks,available,80,21%,4,Entertainment,,,
absurd.sucks,available,80,16%,6,"Arts,Entertainment,Media",,,
abundant.sucks,available,80,19%,8,"Agriculture,Manufacturing,Retail",,,
seventh.sucks,available,80,10%,7,Mathematics,,,
yard.sucks,available,80,26%,4,"Construction,General",,,
adoptable.sucks,available,80,3%,9,"Education,Healthcare",,,
first.sucks,available,80,36%,5,"General,Mathematics",,,
superstar.sucks,available,80,18%,9,Entertainment,,,
dorsal.sucks,available,80,6%,6,"Medicine,Science",,,
forty.sucks,available,80,9%,5,Mathematics,,,
sequent.sucks,available,80,7%,7,"Healthcare,Insurance,Transportation",,,
low.sucks,available,78,20%,3,"Business,Finance",,,
acceptable.sucks,available,78,5%,10,"Business,Hospitality,Retail",,,
recognised.sucks,available,78,3%,10,"Business,Education,Technology",,,
accidental.sucks,available,78,11%,10,"Healthcare,Insurance,Transportation",,,
accessible.sucks,available,78,21%,10,"Healthcare,Retail,Technology",,,
absorptive.sucks,available,78,1%,10,"Healthcare,Manufacturing,Retail",,,
honestly.sucks,available,78,9%,8,"Business,Law",,,
abkhazian.sucks,available,78,1%,9,Geography,,,
sixtynine.sucks,available,78,8%,10,Mathematics,,,
adjacent.sucks,available,78,9%,8,"Construction,Real Estate,Retail",,,
abounding.sucks,available,78,2%,9,Agriculture,,,
adrenal.sucks,available,78,4%,7,"Education,Healthcare,Science",,,
dormant.sucks,available,78,4%,7,"Medicine,Science",,,
accurate.sucks,available,78,16%,8,"Engineering,Mathematics,Science",,,
adorable.sucks,available,78,8%,8,"Entertainment,Fashion,Retail",,,
acceptant.sucks,available,78,1%,9,"Education,Healthcare",,,
athletic.sucks,available,78,15%,8,"Health and Fitness,Sports",,,
recognized.sucks,available,78,3%,10,"Business,Education,Technology",,,
twentysix.sucks,available,78,8%,10,Mathematics,,,
abkhasian.sucks,available,78,1%,9,Geography,,,
accepted.sucks,available,78,6%,8,"Business,Education,Technology",,,
hundredth.sucks,available,76,1%,9,Mathematics,,,
adhesive.sucks,available,76,7%,8,"Construction,Manufacturing,Technology",,,
fourteenth.sucks,available,76,1%,10,Mathematics,,,
thirteenth.sucks,available,76,4%,10,Mathematics,,,
adipose.sucks,available,76,2%,7,"Healthcare,Science",,,
firstrate.sucks,available,76,6%,10,Business,,,
eighteen.sucks,available,76,7%,8,Mathematics,,,
resultant.sucks,available,76,2%,9,"Healthcare,Insurance,Transportation",,,
incidental.sucks,available,76,4%,10,"Healthcare,Insurance,Transportation",,,
threed.sucks,available,76,7%,7,Technology,,,
obscene.sucks,available,76,5%,7,"Entertainment,Media",,,
fifteenth.sucks,available,76,2%,9,Mathematics,,,
thousandth.sucks,available,76,1%,10,Mathematics,,,
abrasive.sucks,available,76,6%,8,"Construction,Manufacturing",,,
energizing.sucks,available,76,3%,10,"Food and Beverage,Health and Fitness,Travel",,,
acoustic.sucks,available,76,14%,8,Science,,,
adaptive.sucks,available,76,28%,8,"Business,Education,Technology",,,
auxiliary.sucks,available,76,7%,9,"Healthcare,Manufacturing,Technology",,,
ventral.sucks,available,76,3%,7,Science,,,
nineteenth.sucks,available,76,3%,10,Mathematics,,,
adherent.sucks,available,76,4%,8,"Politics,Religion",,,
ague.sucks,available,76,2%,4,"Geography,Medicine,Science",,,
ancillary.sucks,available,76,6%,9,"Healthcare,Manufacturing,Technology",,,
adaptable.sucks,available,76,9%,9,"Business,Education,Technology",,,
addable.sucks,available,76,2%,7,"Engineering,Mathematics,Science",,,
improvise.sucks,available,76,4%,9,Entertainment,,,
diamond.sucks,available,76,32%,7,Fashion,,,
activated.sucks,available,74,9%,9,"Healthcare,Manufacturing,Technology",,,
supra.sucks,available,74,25%,5,"Medicine,Science",,,
single.sucks,available,74,19%,6,Sports,,,
adapted.sucks,available,74,6%,7,"Healthcare,Manufacturing,Technology",,,
aberrant.sucks,available,74,6%,8,"Medicine,Science",,,
achievable.sucks,available,74,4%,10,"Business,Education,Technology",,,
manageable.sucks,available,74,4%,10,"Business,Education,Technology",,,
mavin.sucks,available,74,7%,5,"Entertainment,Fashion,Technology",,,
broad.sucks,available,74,13%,5,"Entertainment,General,Media",,,
playing.sucks,available,74,12%,7,Entertainment,,,
adenoid.sucks,available,74,1%,7,"Health and Fitness,Medicine,Science",,,
realizable.sucks,available,74,1%,10,"Business,Education,Technology",,,
abnormal.sucks,available,74,16%,8,"Medicine,Science",,,
adamant.sucks,available,74,14%,7,Religion,,,
accepting.sucks,available,74,3%,9,"Education,Healthcare",,,
adrenergic.sucks,available,74,1%,10,"Education,Healthcare,Science",,,
cleared.sucks,available,74,7%,7,"Healthcare,Law,Transportation",,,
admirable.sucks,available,74,5%,9,"Business,Education,Healthcare",,,
acuate.sucks,available,74,2%,6,"Engineering,Medicine,Science",,,
skilful.sucks,available,74,3%,7,"Education,Health and Fitness,Sports",,,
sensation.sucks,available,74,7%,9,"Entertainment,Media,Sports",,,
addicted.sucks,available,72,9%,8,Healthcare,,,
adonic.sucks,available,72,2%,6,"Arts,Education,Entertainment",,,
improvize.sucks,available,72,1%,9,Entertainment,,,
lovely.sucks,available,72,26%,6,"Entertainment,Fashion,Retail",,,
liv.sucks,available,72,27%,3,Mathematics,,,
accusative.sucks,available,72,0%,10,"Humanities,Law",,,
seventieth.sucks,available,72,1%,10,Mathematics,,,
abloom.sucks,available,72,5%,6,Agriculture,,,
trey.sucks,available,72,14%,4,Sports,,,
deep.sucks,available,72,41%,4,"Engineering,Mathematics,Science",,,
trinity.sucks,available,72,18%,7,Religion,,,
adjunctive.sucks,available,72,1%,10,"Healthcare,Manufacturing,Technology",,,
ninetieth.sucks,available,72,1%,9,Mathematics,,,
absolutist.sucks,available,72,1%,10,"Humanities,Law,Politics",,,
adiabatic.sucks,available,72,3%,9,"Engineering,Science",,,
adjectival.sucks,available,72,1%,10,Education,,,
aching.sucks,available,72,4%,6,Healthcare,,,
existent.sucks,available,72,3%,8,"Mathematics,Science",,,
champion.sucks,available,72,28%,8,"Entertainment,Health and Fitness,Sports",,,
adaptative.sucks,available,72,1%,10,"Business,Education,Technology",,,
accustomed.sucks,available,72,1%,10,"Business,Education,Humanities",,,
ablaze.sucks,available,72,6%,6,Entertainment,,,
engrossed.sucks,available,72,1%,9,"Entertainment,Media,Technology",,,
abreast.sucks,available,72,2%,7,"Business,Technology",,,
absorbed.sucks,available,72,2%,8,"Entertainment,Media,Technology",,,
ternary.sucks,available,72,7%,7,Mathematics,,,
eightieth.sucks,available,72,1%,9,Mathematics,,,
sixtieth.sucks,available,72,1%,8,Mathematics,,,
adjusted.sucks,available,70,5%,8,"Manufacturing,Retail,Technology",,,
abulic.sucks,available,70,1%,6,Medicine,,,
skillful.sucks,available,70,9%,8,"Education,Health and Fitness,Sports",,,
accumbent.sucks,available,70,1%,9,"Healthcare,Medicine,Science",,,
lowdown.sucks,available,70,6%,8,"Entertainment,Media",,,
consequent.sucks,available,70,3%,10,"Business,Education,General,Technology",,,
absorbing.sucks,available,70,3%,9,"Entertainment,Media,Technology",,,
abradant.sucks,available,70,1%,8,"Construction,Manufacturing",,,
tiptop.sucks,available,70,24%,6,Fashion,,,
recumbent.sucks,available,70,2%,9,"Healthcare,Medicine,Science",,,
practiced.sucks,available,70,3%,9,"Education,Health and Fitness,Sports",,,
offhand.sucks,available,70,2%,7,Entertainment,,,
miserable.sucks,available,70,4%,9,Humanities,,,
admired.sucks,available,70,5%,7,"Business,Education,Healthcare",,,
gymnastic.sucks,available,70,3%,9,"Entertainment,Sports",,,
acuminate.sucks,available,70,1%,9,"Engineering,Medicine,Science",,,
stillborn.sucks,available,70,2%,9,"Medicine,Science",,,
adamantine.sucks,available,70,4%,10,Religion,,,
adored.sucks,available,70,6%,6,"Entertainment,Fashion,Retail",,,
unity.sucks,available,70,40%,5,Mathematics,,,
disciple.sucks,available,68,14%,8,"Education,Religion",,,
vindicated.sucks,available,68,2%,10,"Humanities,Law,Politics",,,
octonary.sucks,available,68,1%,8,Mathematics,,,
foursome.sucks,available,68,4%,8,Sports,,,
threesome.sucks,available,68,5%,9,Entertainment,,,
achaean.sucks,available,68,2%,7,Humanities,,,
ablative.sucks,available,68,3%,8,Science,,,
fiftieth.sucks,available,68,0%,8,Mathematics,,,
ennead.sucks,available,68,5%,6,Mathematics,,,
abducent.sucks,available,68,0%,8,Medicine,,,
stygian.sucks,available,68,5%,7,Humanities,,,
overseas.sucks,available,68,12%,8,"Hospitality,Travel",,,
ane.sucks,available,68,12%,3,Mathematics,,,
thirtieth.sucks,available,68,1%,9,Mathematics,,,
activating.sucks,available,68,3%,10,"Healthcare,Manufacturing,Technology",,,
scurvy.sucks,available,68,3%,6,Humanities,,,
decorated.sucks,available,68,3%,9,"Entertainment,Fashion,Retail",,,
achaian.sucks,available,68,2%,7,Humanities,,,
licenced.sucks,available,68,2%,8,"Business,Healthcare,Insurance",,,
acerate.sucks,available,68,1%,7,Science,,,
aculeate.sucks,available,68,1%,8,"Engineering,Medicine,Science",,,
fortieth.sucks,available,68,0%,8,Mathematics,,,
accredited.sucks,available,68,9%,10,"Business,Education,Healthcare",,,
aroused.sucks,available,68,3%,7,"Entertainment,Health and Fitness",,,
abkhas.sucks,available,68,0%,6,Geography,,,
abnaki.sucks,available,68,1%,6,Geography,,,
sevener.sucks,available,68,1%,7,Mathematics,,,
aberdonian.sucks,available,68,1%,10,Geography,,,
licensed.sucks,available,68,5%,8,"Business,Healthcare,Insurance",,,
septenary.sucks,available,68,1%,9,Mathematics,,,
xxii.sucks,available,66,6%,4,Mathematics,,,
adorned.sucks,available,66,5%,7,"Entertainment,Fashion,Retail",,,
xxv.sucks,available,66,6%,3,Mathematics,,,
modish.sucks,available,66,5%,6,Fashion,,,
acrobatic.sucks,available,66,4%,9,"Entertainment,Sports",,,
adopted.sucks,available,66,4%,7,"Education,Healthcare",,,
accessary.sucks,available,66,1%,9,"Business,Law,Technology",,,
xii.sucks,available,66,10%,3,Mathematics,,,
xvi.sucks,available,66,5%,3,Mathematics,,,
teenager.sucks,available,66,4%,8,"Education,Entertainment,Healthcare",,,
exonerated.sucks,available,66,2%,10,"Humanities,Law,Politics",,,
thirty.sucks,available,66,8%,6,Mathematics,,,
performing.sucks,available,66,6%,10,Entertainment,,,
abstinent.sucks,available,66,1%,9,"Health and Fitness,Religion",,,
acappella.sucks,available,66,6%,10,Entertainment,,,
xvii.sucks,available,66,5%,4,Mathematics,,,
onec.sucks,available,66,6%,5,Mathematics,,,
xiii.sucks,available,66,9%,4,Mathematics,,,
ninety.sucks,available,66,11%,6,Mathematics,,,
six.sucks,available,66,26%,3,Mathematics,,,
buzzing.sucks,available,66,7%,7,"Entertainment,Media,Technology",,,
five.sucks,available,66,26%,4,Mathematics,,,
fifty.sucks,expired,66,12%,5,Mathematics,24/06/2024 17:02,24/06/2025 17:02,"GoDaddy.com, LLC"
deuce.sucks,available,66,9%,5,Sports,,,
clv.sucks,available,66,10%,3,Mathematics,,,
xxvi.sucks,available,66,3%,4,Mathematics,,,
sextet.sucks,available,66,1%,6,Entertainment,,,
xviii.sucks,available,66,5%,5,Mathematics,,,
four.sucks,available,66,27%,4,Mathematics,,,
xxi.sucks,available,66,10%,3,Mathematics,,,
acervate.sucks,available,66,1%,8,Science,,,
maven.sucks,available,66,30%,5,"Entertainment,Fashion,Technology",,,
century.sucks,available,66,17%,7,Education,,,
according.sucks,available,66,3%,9,"Business,Education,Technology",,,
latest.sucks,available,66,18%,6,Technology,,,
tenner.sucks,available,66,5%,6,Finance,,,
eighty.sucks,available,66,6%,6,Mathematics,,,
nondrinker.sucks,available,64,1%,10,"Health and Fitness,Religion",,,
deviant.sucks,available,64,12%,7,"Medicine,Science",,,
acentric.sucks,available,64,2%,8,Science,,,
accordant.sucks,available,64,3%,9,"Arts,Entertainment",,,
aflame.sucks,available,64,3%,6,Entertainment,,,
absolved.sucks,available,64,1%,8,"Humanities,Law,Religion",,,
rising.sucks,available,64,18%,6,"Construction,Manufacturing,Real Estate",,,
scatty.sucks,available,64,1%,6,"Arts,Entertainment,Media",,,
ccc.sucks,available,64,38%,3,Mathematics,,,
astringent.sucks,available,64,1%,10,"Healthcare,Pharmaceuticals",,,
adagio.sucks,available,64,14%,6,Entertainment,,,
exculpated.sucks,available,62,1%,10,"Humanities,Law,Politics",,,
accusing.sucks,available,62,1%,8,Law,,,
chiliad.sucks,available,62,2%,7,Mathematics,,,
adjuvant.sucks,available,62,5%,8,"Healthcare,Manufacturing,Technology",,,
troika.sucks,available,62,8%,6,Politics,,,
playacting.sucks,available,62,1%,10,Entertainment,,,
acidic.sucks,available,62,5%,6,"Food and Beverage,Science",,,
wrapped.sucks,available,62,13%,7,"Fashion,Hospitality,Retail",,,
eighteenth.sucks,available,62,1%,10,Mathematics,,,
activation.sucks,available,62,16%,10,"Healthcare,Manufacturing,Technology",,,
eleventh.sucks,available,62,5%,8,Mathematics,,,
accrued.sucks,available,62,2%,7,"Banking,Finance,Insurance",,,
aborigine.sucks,available,62,1%,9,Humanities,,,
cumulative.sucks,available,62,2%,10,"Banking,Finance,Insurance",,,
fortyfour.sucks,available,62,6%,10,Mathematics,,,
longdozen.sucks,available,62,2%,10,Mathematics,,,
twodozen.sucks,available,62,1%,9,Mathematics,,,
sixteenth.sucks,available,62,1%,9,Mathematics,,,
admissible.sucks,available,62,1%,10,"Education,Healthcare,Law",,,
adoptive.sucks,available,62,1%,8,"Education,Healthcare",,,
orso.sucks,available,62,9%,5,"Business,Media,Technology",,,
quartet.sucks,available,62,7%,7,"Arts,Entertainment",,,
ensuant.sucks,available,62,1%,7,"Healthcare,Insurance,Transportation",,,
pungent.sucks,available,62,1%,7,Food and Beverage,,,
abo.sucks,available,62,15%,3,Science,,,
nail.sucks,available,62,16%,4,"Construction,Fashion,General,Retail",,,
roughly.sucks,available,62,3%,7,"Business,Media,Technology",,,
activistic.sucks,available,62,1%,10,"Humanities,Politics",,,
aufait.sucks,available,62,3%,7,"Fashion,Media",,,
cxv.sucks,available,60,4%,3,Mathematics,,,
annexal.sucks,available,60,1%,7,"Agriculture,Manufacturing,Retail",,,
aboveboard.sucks,available,60,5%,10,"Business,Law",,,
eightysix.sucks,available,60,7%,10,Mathematics,,,
cxl.sucks,available,60,7%,3,Mathematics,,,
adnate.sucks,available,60,1%,6,"Agriculture,Manufacturing,Retail",,,
thou.sucks,available,60,7%,4,Mathematics,,,
idolized.sucks,available,60,3%,8,"Entertainment,Fashion,Retail",,,
cxxv.sucks,available,60,1%,4,Mathematics,,,
abstainer.sucks,available,60,0%,9,"Health and Fitness,Religion",,,
clxx.sucks,available,60,3%,4,Mathematics,,,
abstemious.sucks,available,60,0%,10,"Food and Beverage,Health and Fitness,Hospitality",,,
abashed.sucks,available,60,1%,7,Humanities,,,
acceptive.sucks,available,60,1%,9,"Education,Healthcare",,,
clxv.sucks,available,60,1%,4,Mathematics,,,
clxxx.sucks,available,60,1%,5,Mathematics,,,
cxx.sucks,available,60,10%,3,Mathematics,,,
adnexal.sucks,available,60,1%,7,"Agriculture,Manufacturing,Retail",,,
cxxxv.sucks,available,60,2%,5,Mathematics,,,
octet.sucks,available,60,12%,5,Arts,,,
tertiary.sucks,available,60,4%,8,Education,,,
sixty.sucks,available,60,13%,5,Mathematics,,,
xcl.sucks,available,60,5%,3,Mathematics,,,
clxxv.sucks,available,60,1%,5,Mathematics,,,
cxxx.sucks,available,60,4%,4,Mathematics,,,
idolised.sucks,available,60,1%,8,"Entertainment,Fashion,Retail",,,
paunchy.sucks,available,60,0%,7,"Health and Fitness,Medicine",,,
cautionary.sucks,available,60,1%,10,"Business,Education,Healthcare",,,
clx.sucks,available,60,10%,3,Mathematics,,,
cxlv.sucks,available,60,2%,4,Mathematics,,,
tercet.sucks,available,59,2%,6,"Arts,Entertainment,Media",,,
accoutred.sucks,available,58,1%,9,"Fashion,Manufacturing,Retail",,,
eighter.sucks,available,58,2%,7,Mathematics,,,
abuzz.sucks,available,58,5%,5,"Entertainment,Media,Technology",,,
offhanded.sucks,available,58,1%,9,Entertainment,,,
niner.sucks,available,58,5%,5,Mathematics,,,
cypher.sucks,available,58,29%,6,Mathematics,,,
ache.sucks,available,58,7%,4,Healthcare,,,
abridged.sucks,available,58,4%,8,Media,,,
sixer.sucks,available,58,5%,5,Sports,,,
justabout.sucks,available,58,3%,10,"Business,Media,Technology",,,
quintet.sucks,available,58,8%,7,"Arts,Entertainment",,,
abandoned.sucks,available,58,10%,9,"Construction,Real Estate",,,
abused.sucks,available,58,5%,6,"Healthcare,Law",,,
accretive.sucks,available,58,6%,9,"Banking,Finance,Insurance",,,
fourth.sucks,available,58,13%,6,Mathematics,,,
sextuplet.sucks,available,58,1%,9,Healthcare,,,
lxxviii.sucks,available,58,1%,7,Mathematics,,,
lxxx.sucks,available,58,2%,4,Mathematics,,,
heptad.sucks,available,58,1%,6,Mathematics,,,
aucourant.sucks,available,58,3%,10,"Fashion,Media",,,
fifth.sucks,available,58,12%,5,Mathematics,,,
acyclic.sucks,available,58,4%,7,"Engineering,Mathematics,Science",,,
hexad.sucks,available,58,4%,5,Mathematics,,,
seventy.sucks,available,58,7%,7,Mathematics,,,
addible.sucks,available,58,2%,7,"Engineering,Mathematics,Science",,,
enwrapped.sucks,available,58,0%,9,"Entertainment,Fashion,Media",,,
octad.sucks,available,58,5%,5,Mathematics,,,
accented.sucks,available,58,3%,8,"Arts,Entertainment",,,
linear.sucks,available,58,22%,6,"Engineering,Mathematics,Science",,,
closeto.sucks,available,58,3%,8,"Business,Media,Technology",,,
addressed.sucks,available,58,3%,9,"Business,Technology,Telecommunications",,,
pentad.sucks,available,58,2%,6,Mathematics,,,
alacarte.sucks,available,58,11%,10,Food and Beverage,,,
adient.sucks,available,58,4%,6,"Medicine,Science",,,
adjustive.sucks,available,58,1%,9,"Manufacturing,Retail,Technology",,,
acetic.sucks,available,58,1%,6,"Food and Beverage,Science",,,
seven.sucks,available,58,36%,5,Mathematics,,,
super.sucks,available,58,47%,5,Business,,,
tetrad.sucks,available,58,5%,6,Mathematics,,,
fourscore.sucks,available,58,4%,9,Mathematics,,,
twelfth.sucks,available,58,2%,7,Mathematics,,,
centesimal.sucks,available,58,1%,10,Mathematics,,,
actuarial.sucks,available,58,8%,9,"Finance,Insurance,Mathematics",,,
sixtyone.sucks,available,58,3%,9,Mathematics,,,
xlviii.sucks,available,56,1%,6,Mathematics,,,
xxvii.sucks,available,56,3%,5,Mathematics,,,
abdominous.sucks,available,56,0%,10,"Health and Fitness,Medicine",,,
fortyone.sucks,available,56,4%,9,Mathematics,,,
abeyant.sucks,available,56,1%,7,"Business,Law",,,
xliii.sucks,available,56,1%,5,Mathematics,,,
xlvii.sucks,available,56,2%,5,Mathematics,,,
fortysix.sucks,available,56,3%,9,Mathematics,,,
thirtysix.sucks,available,56,5%,10,Mathematics,,,
fiftynine.sucks,available,56,4%,10,Mathematics,,,
fortynine.sucks,available,56,3%,10,Mathematics,,,
fiftytwo.sucks,available,56,6%,9,Mathematics,,,
terzetto.sucks,available,56,3%,8,Arts,,,
xxxiii.sucks,available,56,2%,6,Mathematics,,,
admittible.sucks,available,56,1%,10,"Education,Healthcare,Hospitality",,,
fiftyfive.sucks,available,56,7%,10,Mathematics,,,
admissive.sucks,available,56,1%,9,"Education,Healthcare,Hospitality",,,
xxiv.sucks,available,56,5%,4,Mathematics,,,
xxxviii.sucks,available,56,1%,7,Mathematics,,,
ilx.sucks,available,56,5%,3,Mathematics,,,
fiftyfour.sucks,available,56,3%,10,Mathematics,,,
lii.sucks,available,56,7%,3,Mathematics,,,
xxxvii.sucks,available,56,2%,6,Mathematics,,,
thirtyone.sucks,expired,56,5%,10,Mathematics,21/06/2015 00:01,21/06/2025 00:01,101domain GRS Limited
xxviii.sucks,available,56,1%,6,Mathematics,,,
halfdozen.sucks,available,56,1%,10,Mathematics,,,
xxxvi.sucks,available,56,1%,5,Mathematics,,,
xlii.sucks,available,56,5%,4,Mathematics,,,
triad.sucks,available,56,15%,5,Arts,,,
fiftysix.sucks,available,56,4%,9,Mathematics,,,
liii.sucks,available,56,4%,4,Mathematics,,,
maledict.sucks,available,56,1%,8,Religion,,,
appressed.sucks,available,56,0%,9,"Agriculture,Manufacturing,Retail",,,
lvii.sucks,available,56,1%,4,Mathematics,,,
xxxi.sucks,available,56,9%,4,Mathematics,,,
xli.sucks,available,56,5%,3,Mathematics,,,
xxix.sucks,available,56,4%,4,Mathematics,,,
fortytwo.sucks,available,56,17%,9,Mathematics,,,
xlv.sucks,available,56,6%,3,Mathematics,,,
fiftyone.sucks,available,56,7%,9,Mathematics,,,
xxiii.sucks,available,56,5%,5,Mathematics,,,
lviii.sucks,available,56,1%,5,Mathematics,,,
aone.sucks,available,56,15%,5,Food and Beverage,,,
xxxv.sucks,available,56,4%,4,Mathematics,,,
xxxiv.sucks,available,56,1%,5,Mathematics,,,
thirtytwo.sucks,available,56,5%,10,Mathematics,,,
lvi.sucks,available,56,8%,3,Mathematics,,,
potbellied.sucks,available,56,0%,10,"Health and Fitness,Medicine",,,
xliv.sucks,available,56,2%,4,Mathematics,,,
xxxii.sucks,available,56,1%,5,Mathematics,,,
admittable.sucks,available,56,1%,10,"Education,Healthcare,Hospitality",,,
addled.sucks,available,56,2%,6,Entertainment,,,
accoutered.sucks,available,56,0%,10,"Fashion,Manufacturing,Retail",,,
xlvi.sucks,available,56,3%,4,Mathematics,,,
quadruplet.sucks,available,54,1%,10,"Healthcare,Medicine,Science",,,
aboral.sucks,available,54,2%,6,Science,,,
achromatic.sucks,available,54,4%,10,Science,,,
fin.sucks,available,54,30%,3,Finance,,,
unnatural.sucks,available,54,4%,9,"Medicine,Science",,,
vii.sucks,available,54,13%,3,Mathematics,,,
achy.sucks,available,54,3%,4,Healthcare,,,
abasic.sucks,available,54,1%,6,Science,,,
accentual.sucks,available,54,3%,9,"Arts,Entertainment",,,
twoscore.sucks,available,54,2%,8,Mathematics,,,
abducens.sucks,available,54,1%,8,Medicine,,,
adducting.sucks,available,54,1%,9,"Engineering,Mathematics,Science",,,
viii.sucks,available,54,6%,4,Mathematics,,,
threescore.sucks,available,54,1%,10,Mathematics,,,
iii.sucks,available,54,24%,3,Mathematics,,,
deserted.sucks,available,54,3%,8,"Hospitality,Real Estate",,,
abhorrent.sucks,available,54,1%,9,Humanities,,,
quatern.sucks,available,54,2%,7,Mathematics,,,
adjuratory.sucks,available,54,0%,10,"Law,Politics,Religion",,,
acoustical.sucks,available,54,4%,10,Science,,,
admonitory.sucks,available,54,0%,10,"Business,Education,Healthcare",,,
deuceace.sucks,available,54,2%,9,Sports,,,
quintuplet.sucks,available,54,1%,10,"Healthcare,Medicine,Science",,,
adaxial.sucks,available,54,2%,7,Science,,,
quaternion.sucks,available,54,6%,10,Mathematics,,,
monitory.sucks,available,54,3%,8,"Business,Education,Healthcare",,,
quaternity.sucks,available,54,4%,10,Mathematics,,,
sise.sucks,available,54,5%,4,Mathematics,,,
abaxial.sucks,available,54,1%,7,Science,,,
ternion.sucks,available,54,3%,7,Mathematics,,,
adducent.sucks,available,54,1%,8,"Engineering,Mathematics,Science",,,
abatic.sucks,available,54,1%,6,Science,,,
fortyfive.sucks,available,54,4%,10,Mathematics,,,
abatable.sucks,available,54,1%,8,Law,,,
accursed.sucks,available,54,3%,8,"Entertainment,Media,Religion",,,
adductive.sucks,available,54,0%,9,"Engineering,Mathematics,Science",,,
scratchy.sucks,available,54,3%,8,Fashion,,,
actuated.sucks,available,54,2%,8,"Automotive,Manufacturing,Technology",,,
topnotch.sucks,available,54,18%,8,Business,,,
abient.sucks,available,54,1%,6,Science,,,
adpressed.sucks,available,54,0%,9,"Agriculture,Manufacturing,Retail",,,
sestet.sucks,available,53,1%,6,Arts,,,
xxx.sucks,available,53,30%,3,"Arts,Entertainment,Media",,,
septet.sucks,available,53,1%,6,General,,,
lxiv.sucks,available,52,3%,4,Mathematics,,,
odious.sucks,available,52,2%,6,"Entertainment,Humanities",,,
lxxii.sucks,available,52,1%,5,Mathematics,,,
lxxvi.sucks,available,52,1%,5,Mathematics,,,
lxxxiv.sucks,available,52,1%,6,Mathematics,,,
ninetytwo.sucks,available,52,4%,10,Mathematics,,,
ablated.sucks,available,52,1%,7,Science,,,
lxvii.sucks,available,52,1%,5,Mathematics,,,
xciv.sucks,available,52,2%,4,Mathematics,,,
lxxxii.sucks,available,52,1%,6,Mathematics,,,
chagrined.sucks,available,52,1%,9,Humanities,,,
sixtyfive.sucks,available,52,3%,10,Mathematics,,,
ninetysix.sucks,available,52,4%,10,Mathematics,,,
xci.sucks,available,52,4%,3,Mathematics,,,
sixtyfour.sucks,available,52,3%,10,Mathematics,,,
repulsive.sucks,available,52,1%,9,Humanities,,,
abusive.sucks,available,52,3%,7,"Healthcare,Law",,,
repugnant.sucks,available,52,1%,9,Humanities,,,
lxxv.sucks,available,52,1%,4,Mathematics,,,
lxxxiii.sucks,available,52,1%,7,Mathematics,,,
abysmal.sucks,available,52,4%,7,"Arts,Entertainment,Media",,,
eightytwo.sucks,available,52,4%,10,Mathematics,,,
uphill.sucks,available,52,7%,6,"Sports,Transportation,Travel",,,
abominable.sucks,available,52,2%,10,"Entertainment,Humanities",,,
lxxiv.sucks,available,52,1%,5,Mathematics,,,
lxxxvii.sucks,available,52,1%,7,Mathematics,,,
xcvi.sucks,available,52,2%,4,Mathematics,,,
xcv.sucks,available,52,7%,3,Mathematics,,,
ixl.sucks,available,52,9%,3,Mathematics,,,
xcii.sucks,available,52,2%,4,Mathematics,,,
ninetyone.sucks,available,52,5%,10,Mathematics,,,
adenoidal.sucks,available,52,1%,9,"Health and Fitness,Medicine,Science",,,
lxvi.sucks,available,52,3%,4,Mathematics,,,
lxiii.sucks,available,52,2%,5,Mathematics,,,
ixc.sucks,available,52,5%,3,Mathematics,,,
xcvii.sucks,available,52,1%,5,Mathematics,,,
tierce.sucks,available,52,3%,6,General,,,
xciii.sucks,available,52,1%,5,Mathematics,,,
lxxi.sucks,available,52,1%,4,Mathematics,,,
lxxxv.sucks,available,52,1%,5,Mathematics,,,
lxi.sucks,available,52,5%,3,Mathematics,,,
xcviii.sucks,available,52,1%,6,Mathematics,,,
decumbent.sucks,available,52,1%,9,"Healthcare,Medicine,Science",,,
lxviii.sucks,available,52,1%,6,Mathematics,,,
sixtysix.sucks,available,52,4%,9,Mathematics,,,
lxv.sucks,available,52,5%,3,Mathematics,,,
sixtytwo.sucks,available,52,3%,9,Mathematics,,,
lxxxvi.sucks,available,52,1%,6,Mathematics,,,
eightyone.sucks,available,52,3%,10,Mathematics,,,
aboulic.sucks,available,52,1%,7,Medicine,,,
lxxvii.sucks,available,52,2%,6,Mathematics,,,
lxxxi.sucks,available,52,1%,5,Mathematics,,,
lxii.sucks,available,52,1%,4,Mathematics,,,
abstruse.sucks,available,52,5%,8,"Humanities,Mathematics,Science",,,
littlejoe.sucks,available,52,2%,10,"Entertainment,Media",,,
detestable.sucks,available,52,1%,10,Humanities,,,
lxxiii.sucks,available,52,1%,6,Mathematics,,,
cinque.sucks,available,50,7%,6,Mathematics,,,
gillless.sucks,available,50,0%,9,Science,,,
acerbic.sucks,available,50,2%,7,"Arts,Humanities,Media",,,
scummy.sucks,available,50,1%,6,Humanities,,,
broached.sucks,available,50,0%,8,Food and Beverage,,,
triplet.sucks,available,50,8%,7,Science,,,
trine.sucks,available,50,11%,5,"General,Religion",,,
abranchial.sucks,available,50,0%,10,Science,,,
acapnic.sucks,available,50,0%,7,"Healthcare,Medicine,Science",,,
needlelike.sucks,available,50,0%,10,"Engineering,Medicine,Science",,,
acellular.sucks,available,50,1%,9,Science,,,
ogdoad.sucks,available,50,1%,6,Mathematics,,,
acetous.sucks,available,50,1%,7,Science,,,
acerb.sucks,available,50,2%,5,Science,,,
abactinal.sucks,available,50,0%,9,Science,,,
acetose.sucks,available,50,1%,7,Science,,,
adhominem.sucks,available,50,2%,10,"Humanities,Law,Politics",,,
abdicable.sucks,available,50,0%,9,Law,,,
vinegary.sucks,available,50,1%,8,Food and Beverage,,,
abbatial.sucks,available,50,0%,8,Religion,,,
abducting.sucks,available,50,0%,9,Medicine,,,
acquitted.sucks,available,50,1%,9,Law,,,
acerose.sucks,available,50,1%,7,Science,,,
spinous.sucks,available,50,1%,7,"Agriculture,Science",,,
acapnotic.sucks,available,50,0%,9,"Healthcare,Medicine,Science",,,
quint.sucks,available,50,13%,5,"Arts,Entertainment",,,
aborticide.sucks,available,50,0%,10,Medicine,,,
adactylous.sucks,available,50,0%,10,Science,,,
acaudal.sucks,available,50,1%,7,"Agriculture,Science",,,
lxx.sucks,available,50,5%,3,Mathematics,,,
aculeated.sucks,available,50,0%,9,"Engineering,Medicine,Science",,,
abomasal.sucks,available,50,0%,8,Agriculture,,,
ilxx.sucks,available,48,1%,4,Mathematics,,,
apriori.sucks,available,48,13%,8,Mathematics,,,
abstracted.sucks,available,48,5%,10,"Arts,Humanities,Science",,,
lxxxviii.sucks,available,48,1%,8,Mathematics,,,
notguilty.sucks,available,48,5%,10,Law,,,
abyssal.sucks,available,48,12%,7,"Arts,Entertainment,Media",,,
ilxxx.sucks,available,48,1%,5,Mathematics,,,
execrable.sucks,available,48,0%,9,"Entertainment,Humanities",,,
stripling.sucks,available,46,2%,9,"Education,Entertainment,Healthcare",,,
acephalous.sucks,available,46,1%,10,Science,,,
acapnial.sucks,available,46,0%,8,"Healthcare,Medicine,Science",,,
quaternary.sucks,available,46,3%,10,Mathematics,,,
acarpous.sucks,available,46,0%,8,"Agriculture,Science",,,
achenial.sucks,available,46,1%,8,Science,,,
theabsurd.sucks,available,46,1%,10,"Arts,Entertainment,Media",,,
acetylenic.sucks,available,46,1%,10,Science,,,
achromous.sucks,available,46,1%,9,Science,,,
acetylic.sucks,available,46,1%,8,Science,,,
acetonic.sucks,available,46,1%,8,Science,,,
acicular.sucks,available,46,2%,8,Science,,,
stemless.sucks,available,46,2%,8,"Agriculture,Science",,,
acaudate.sucks,available,46,1%,8,"Agriculture,Science",,,
acarpelous.sucks,available,46,0%,10,"Agriculture,Science",,,
acanthoid.sucks,available,46,1%,9,"Agriculture,Science",,,
acanthous.sucks,available,46,0%,9,"Agriculture,Science",,,
vinegarish.sucks,available,46,1%,10,Food and Beverage,,,
achromic.sucks,available,46,2%,8,Science,,,
acheronian.sucks,available,46,1%,10,Humanities,,,
acanthotic.sucks,available,46,0%,10,"Agriculture,Science",,,
acetabular.sucks,available,46,1%,10,Science,,,
cotyloid.sucks,available,46,1%,8,Science,,,
cotyloidal.sucks,available,44,1%,10,Science,,,
acherontic.sucks,available,44,1%,10,Humanities,,,
accusatory.sucks,available,44,1%,10,Law,,,
phoebe.sucks,available,41,14%,6,Science,,,
abscessed.sucks,available,41,0%,9,Healthcare,,,
accusive.sucks,available,40,1%,8,Law,,,
accurst.sucks,available,40,1%,7,Religion,,,
scurrilous.sucks,available,40,1%,10,"Entertainment,Media,Politics",,,